--
-- Data for Name: affiliations; Type: TABLE DATA; Schema: public; Owner: postgres
--

INSERT INTO public.affiliations (id, created_at, updated_at, father_name, mother_name) VALUES (3, '2023-05-27 09:30:30.807291', '2023-05-27 09:30:30.807299', 'Renan Teixeira Alencar Lima', 'Vitória Raquel Lima');
INSERT INTO public.affiliations (id, created_at, updated_at, father_name, mother_name) VALUES (1, '2023-05-27 09:31:04.759854', '2023-05-27 09:31:04.759863', 'Paulo Júnior Alves Lima', 'Juliana Alves de Sousa Sales');
INSERT INTO public.affiliations (id, created_at, updated_at, father_name, mother_name) VALUES (2, '2023-05-30 18:20:42.117932', '2023-05-30 18:20:42.117934', 'Bruno Flávio Santos Silva', 'Ana Flávia Silva Martins');
INSERT INTO public.affiliations (id, created_at, updated_at, father_name, mother_name) VALUES (5, '2023-06-05 16:37:45.049831', '2023-06-05 16:37:45.049838', 'Antônio Taveira', 'Maria Madalena de Souza Taveira');
INSERT INTO public.affiliations (id, created_at, updated_at, father_name, mother_name) VALUES (4, '2023-06-07 17:18:02.038392', '2023-06-07 17:18:02.038408', 'Paulo Matias Soares', 'Sophia Martins Soares');

--
-- Data for Name: congregations; Type: TABLE DATA; Schema: public; Owner: postgres
--

INSERT INTO public.congregations (id, created_at, updated_at, name) VALUES (2, '2023-05-19 16:34:12.230902', '2023-05-27 09:28:17.616281', 'Tanques');
INSERT INTO public.congregations (id, created_at, updated_at, name) VALUES (1, '2023-05-19 16:34:05.965906', '2023-05-27 09:28:30.138614', 'Sede(Água Verde)');
INSERT INTO public.congregations (id, created_at, updated_at, name) VALUES (3, '2023-05-27 09:28:45.249685', '2023-05-27 09:28:45.249726', 'Riachão do Norte');
INSERT INTO public.congregations (id, created_at, updated_at, name) VALUES (4, '2023-05-27 09:29:02.996627', '2023-05-27 09:29:02.996644', 'Boa Vista');

--
-- Data for Name: images_model; Type: TABLE DATA; Schema: public; Owner: postgres
--

INSERT INTO public.images_model (id, created_at, updated_at, format, height, name, public_id, size, uploaded_at, url, width, url_transformed) VALUES (1, '2023-05-19 17:46:27.100003', '2023-05-19 17:46:27.101439', 'png', 568, 'b8cce830-fb6e-4671-a976-7e3ab8ef7669', 'ecm/fotos3x4/b8cce830-fb6e-4671-a976-7e3ab8ef7669', 296915, '2023-05-19T20:46:26Z', 'http://res.cloudinary.com/dt4bynswk/image/upload/v1684529186/ecm/fotos3x4/b8cce830-fb6e-4671-a976-7e3ab8ef7669.png', 439, 'http://res.cloudinary.com/dt4bynswk/image/upload/v1684529186/ecm/fotos3x4/b8cce830-fb6e-4671-a976-7e3ab8ef7669.png');
INSERT INTO public.images_model (id, created_at, updated_at, format, height, name, public_id, size, uploaded_at, url, width, url_transformed) VALUES (2, '2023-05-19 17:46:49.179049', '2023-05-19 17:46:49.179083', 'png', 70, '421b2dc1-77cc-4acf-9cbd-5e2140d6723e', 'ecm/assinaturas/421b2dc1-77cc-4acf-9cbd-5e2140d6723e', 23203, '2023-05-19T20:46:48Z', 'http://res.cloudinary.com/dt4bynswk/image/upload/v1684529208/ecm/assinaturas/421b2dc1-77cc-4acf-9cbd-5e2140d6723e.png', 541, 'http://res.cloudinary.com/dt4bynswk/image/upload/v1684529208/ecm/assinaturas/421b2dc1-77cc-4acf-9cbd-5e2140d6723e.png');
INSERT INTO public.images_model (id, created_at, updated_at, format, height, name, public_id, size, uploaded_at, url, width, url_transformed) VALUES (3, '2023-05-19 18:13:19.882882', '2023-05-19 18:13:19.888259', 'png', 547, '560e32f0-2dc6-48d6-8a3f-69893c77d096', 'ecm/fotos3x4/560e32f0-2dc6-48d6-8a3f-69893c77d096', 344452, '2023-05-19T21:13:19Z', 'http://res.cloudinary.com/dt4bynswk/image/upload/v1684530799/ecm/fotos3x4/560e32f0-2dc6-48d6-8a3f-69893c77d096.png', 456, 'http://res.cloudinary.com/dt4bynswk/image/upload/v1684530799/ecm/fotos3x4/560e32f0-2dc6-48d6-8a3f-69893c77d096.png');
INSERT INTO public.images_model (id, created_at, updated_at, format, height, name, public_id, size, uploaded_at, url, width, url_transformed) VALUES (4, '2023-05-19 18:13:36.791158', '2023-05-19 18:13:36.791201', 'png', 67, '4ece29b2-ccc9-47c8-ae2d-f6f1018ffd47', 'ecm/assinaturas/4ece29b2-ccc9-47c8-ae2d-f6f1018ffd47', 25794, '2023-05-19T21:13:36Z', 'http://res.cloudinary.com/dt4bynswk/image/upload/v1684530816/ecm/assinaturas/4ece29b2-ccc9-47c8-ae2d-f6f1018ffd47.png', 607, 'http://res.cloudinary.com/dt4bynswk/image/upload/v1684530816/ecm/assinaturas/4ece29b2-ccc9-47c8-ae2d-f6f1018ffd47.png');
INSERT INTO public.images_model (id, created_at, updated_at, format, height, name, public_id, size, uploaded_at, url, width, url_transformed) VALUES (5, '2023-05-19 18:18:33.481495', '2023-05-19 18:18:33.481545', 'png', 571, 'a1f054f2-956e-4019-8340-37452d23713d', 'ecm/fotos3x4/a1f054f2-956e-4019-8340-37452d23713d', 228951, '2023-05-19T21:18:33Z', 'http://res.cloudinary.com/dt4bynswk/image/upload/v1684531113/ecm/fotos3x4/a1f054f2-956e-4019-8340-37452d23713d.png', 437, 'http://res.cloudinary.com/dt4bynswk/image/upload/v1684531113/ecm/fotos3x4/a1f054f2-956e-4019-8340-37452d23713d.png');
INSERT INTO public.images_model (id, created_at, updated_at, format, height, name, public_id, size, uploaded_at, url, width, url_transformed) VALUES (6, '2023-05-19 18:18:51.124896', '2023-05-19 18:18:51.124942', 'png', 60, 'a3555d3b-a5ee-4e33-9ce8-c361b21f96ab', 'ecm/assinaturas/a3555d3b-a5ee-4e33-9ce8-c361b21f96ab', 18548, '2023-05-19T21:18:50Z', 'http://res.cloudinary.com/dt4bynswk/image/upload/v1684531130/ecm/assinaturas/a3555d3b-a5ee-4e33-9ce8-c361b21f96ab.png', 538, 'http://res.cloudinary.com/dt4bynswk/image/upload/v1684531130/ecm/assinaturas/a3555d3b-a5ee-4e33-9ce8-c361b21f96ab.png');
INSERT INTO public.images_model (id, created_at, updated_at, format, height, name, public_id, size, uploaded_at, url, width, url_transformed) VALUES (8, '2023-05-19 18:22:28.974944', '2023-05-19 18:22:28.974962', 'png', 66, '381e74bc-62c5-44e2-a605-18ef22a3053c', 'ecm/assinaturas/381e74bc-62c5-44e2-a605-18ef22a3053c', 22616, '2023-05-19T21:22:28Z', 'http://res.cloudinary.com/dt4bynswk/image/upload/v1684531348/ecm/assinaturas/381e74bc-62c5-44e2-a605-18ef22a3053c.png', 655, 'http://res.cloudinary.com/dt4bynswk/image/upload/v1684531348/ecm/assinaturas/381e74bc-62c5-44e2-a605-18ef22a3053c.png');
INSERT INTO public.images_model (id, created_at, updated_at, format, height, name, public_id, size, uploaded_at, url, width, url_transformed) VALUES (9, '2023-06-05 16:37:39.041349', '2023-06-05 16:37:39.041456', 'png', 450, 'd9e6ccd4-ad9b-48cb-8af4-d0e63f7caa6c', 'ecm/fotos3x4/d9e6ccd4-ad9b-48cb-8af4-d0e63f7caa6c', 162896, '2023-06-05T19:37:38Z', 'http://res.cloudinary.com/dt4bynswk/image/upload/v1685993858/ecm/fotos3x4/d9e6ccd4-ad9b-48cb-8af4-d0e63f7caa6c.png', 350, 'http://res.cloudinary.com/dt4bynswk/image/upload/ar_3:4,c_thumb,g_face,h_500,z_0.8/v1/ecm/fotos3x4/d9e6ccd4-ad9b-48cb-8af4-d0e63f7caa6c');
INSERT INTO public.images_model (id, created_at, updated_at, format, height, name, public_id, size, uploaded_at, url, width, url_transformed) VALUES (10, '2023-05-19 18:26:45.064564', '2023-05-19 18:26:45.064582', 'png', 54, '9eb3e33f-9219-421e-9693-ab1bc4fa8528', 'ecm/assinaturas/9eb3e33f-9219-421e-9693-ab1bc4fa8528', 20139, '2023-05-19T21:26:44Z', 'http://res.cloudinary.com/dt4bynswk/image/upload/v1684531604/ecm/assinaturas/9eb3e33f-9219-421e-9693-ab1bc4fa8528.png', 542, 'http://res.cloudinary.com/dt4bynswk/image/upload/v1684531604/ecm/assinaturas/9eb3e33f-9219-421e-9693-ab1bc4fa8528.png');
INSERT INTO public.images_model (id, created_at, updated_at, format, height, name, public_id, size, uploaded_at, url, width, url_transformed) VALUES (7, '2023-06-07 17:17:40.963006', '2023-06-07 17:17:40.964753', 'png', 555, 'eebfee34-550d-4b77-a456-a054486d368c', 'ecm/fotos3x4/eebfee34-550d-4b77-a456-a054486d368c', 316086, '2023-06-07T20:17:40Z', 'http://res.cloudinary.com/dt4bynswk/image/upload/v1686169060/ecm/fotos3x4/eebfee34-550d-4b77-a456-a054486d368c.png', 450, 'http://res.cloudinary.com/dt4bynswk/image/upload/ar_3:4,c_thumb,g_face,h_500,z_0.8/v1/ecm/fotos3x4/eebfee34-550d-4b77-a456-a054486d368c');

--
-- Data for Name: roles; Type: TABLE DATA; Schema: public; Owner: postgres
--

INSERT INTO public.roles (id, created_at, updated_at, name) VALUES (1, '2023-05-19 16:33:37.745518', '2023-05-19 16:33:37.745558', 'Diácono');
INSERT INTO public.roles (id, created_at, updated_at, name) VALUES (2, '2023-05-19 16:33:47.222469', '2023-05-19 16:33:47.222498', 'Presbítero');
INSERT INTO public.roles (id, created_at, updated_at, name) VALUES (3, '2023-05-19 16:33:53.041783', '2023-05-19 16:33:53.041805', 'Membro');
INSERT INTO public.roles (id, created_at, updated_at, name) VALUES (4, '2023-05-27 09:29:15.035857', '2023-05-27 09:29:15.03588', 'Auxiliar');

--
-- Data for Name: members; Type: TABLE DATA; Schema: public; Owner: postgres
--

INSERT INTO public.members (id, created_at, updated_at, cpf, date_of_baptism, date_of_birth, email, gender, is_selected, marital_status, name, phone, rg, status, affiliation_id, congregation_id, photo_id, role_id, signature_id) VALUES (2, '2023-05-19 18:13:51.697844', '2023-06-07 18:13:24.511353', '34453850093', '2017-04-15 00:00:00', '2001-06-11 00:00:00', 'anajulia@yahoo.com', 1, true, 0, 'Ana Júlia Sena dos Santos', '859883115666', '20161518321', 0, 2, 1, 3, 3, 4);
INSERT INTO public.members (id, created_at, updated_at, cpf, date_of_baptism, date_of_birth, email, gender, is_selected, marital_status, name, phone, rg, status, affiliation_id, congregation_id, photo_id, role_id, signature_id) VALUES (3, '2023-05-19 18:19:09.83595', '2023-05-27 09:30:30.83355', '17170067013', '2010-02-15 00:00:00', '1996-07-16 00:00:00', 'jorgemaia@hotmail.com', 0, true, 0, 'Jeorge Filho Silva Maia', '85998312533', '20082455722', 0, 3, 3, 5, 1, 6);
INSERT INTO public.members (id, created_at, updated_at, cpf, date_of_baptism, date_of_birth, email, gender, is_selected, marital_status, name, phone, rg, status, affiliation_id, congregation_id, photo_id, role_id, signature_id) VALUES (1, '2023-05-19 17:46:53.08446', '2023-06-07 18:13:41.555159', '27928959003', '2015-08-21 00:00:00', '1997-12-14 00:00:00', 'paulovictor@gmail.com', 0, true, 3, 'Paulo Victor Alves Silva', '85985311030', '20052020723', 0, 1, 4, 1, 2, 2);
INSERT INTO public.members (id, created_at, updated_at, cpf, date_of_baptism, date_of_birth, email, gender, is_selected, marital_status, name, phone, rg, status, affiliation_id, congregation_id, photo_id, role_id, signature_id) VALUES (5, '2023-05-19 18:26:50.723752', '2023-06-07 18:13:48.636773', '31463384084', '2007-09-25 00:00:00', '2001-10-17 00:00:00', 'samuelgsete@hotmail.com', 0, true, 1, 'Samuel de Souza Taveira', '85987544500', '20159203756', 0, 5, 1, 9, 4, 10);
INSERT INTO public.members (id, created_at, updated_at, cpf, date_of_baptism, date_of_birth, email, gender, is_selected, marital_status, name, phone, rg, status, affiliation_id, congregation_id, photo_id, role_id, signature_id) VALUES (4, '2023-05-19 18:22:35.20706', '2023-06-07 18:15:56.406719', '50904496007', '2018-03-18 00:00:00', '2003-09-15 00:00:00', 'claramoca@gmail.com', 1, true, 1, 'Maria Clara do Nascimento Pereira', '85991443326', '20140556392', 0, 4, 2, 7, 3, 8);